{
  "questProgress:9": {
    "0:10": {
      "completed:9": {},
      "tasks:9": {
        "0:10": {
          "completeUsers:9": {},
          "userProgress:9": {},
          "taskID:8": "bq_standard:retrieval",
          "index:3": 0
        }
      },
      "questID:3": 0
    },
    "1:10": {
      "completed:9": {},
      "tasks:9": {
        "0:10": {
          "completeUsers:9": {},
          "taskID:8": "bq_standard:checkbox",
          "index:3": 0
        }
      },
      "questID:3": 1
    },
    "2:10": {
      "completed:9": {},
      "tasks:9": {
        "0:10": {
          "completeUsers:9": {},
          "userProgress:9": {},
          "taskID:8": "bq_standard:retrieval",
          "index:3": 0
        }
      },
      "questID:3": 2
    },
    "3:10": {
      "completed:9": {},
      "tasks:9": {
        "0:10": {
          "completeUsers:9": {},
          "userProgress:9": {},
          "taskID:8": "bq_standard:retrieval",
          "index:3": 0
        }
      },
      "questID:3": 3
    },
    "4:10": {
      "completed:9": {},
      "tasks:9": {
        "0:10": {
          "completeUsers:9": {},
          "userProgress:9": {},
          "taskID:8": "bq_standard:retrieval",
          "index:3": 0
        }
      },
      "questID:3": 4
    },
    "5:10": {
      "completed:9": {},
      "tasks:9": {
        "0:10": {
          "completeUsers:9": {},
          "userProgress:9": {},
          "taskID:8": "bq_standard:retrieval",
          "index:3": 0
        }
      },
      "questID:3": 5
    },
    "6:10": {
      "completed:9": {},
      "tasks:9": {
        "0:10": {
          "completeUsers:9": {},
          "userProgress:9": {},
          "taskID:8": "bq_standard:retrieval",
          "index:3": 0
        }
      },
      "questID:3": 6
    },
    "7:10": {
      "completed:9": {},
      "tasks:9": {},
      "questID:3": 7
    },
    "8:10": {
      "completed:9": {},
      "tasks:9": {
        "0:10": {
          "completeUsers:9": {},
          "userProgress:9": {},
          "taskID:8": "bq_standard:retrieval",
          "index:3": 0
        }
      },
      "questID:3": 8
    },
    "9:10": {
      "completed:9": {},
      "tasks:9": {
        "0:10": {
          "completeUsers:9": {},
          "userProgress:9": {},
          "taskID:8": "bq_standard:retrieval",
          "index:3": 0
        }
      },
      "questID:3": 9
    },
    "10:10": {
      "completed:9": {},
      "tasks:9": {
        "0:10": {
          "completeUsers:9": {},
          "userProgress:9": {},
          "taskID:8": "bq_standard:retrieval",
          "index:3": 0
        }
      },
      "questID:3": 10
    },
    "11:10": {
      "completed:9": {},
      "tasks:9": {},
      "questID:3": 11
    },
    "12:10": {
      "completed:9": {},
      "tasks:9": {
        "0:10": {
          "completeUsers:9": {},
          "userProgress:9": {},
          "taskID:8": "bq_standard:retrieval",
          "index:3": 0
        }
      },
      "questID:3": 12
    },
    "13:10": {
      "completed:9": {},
      "tasks:9": {
        "0:10": {
          "completeUsers:9": {},
          "userProgress:9": {},
          "taskID:8": "bq_standard:retrieval",
          "index:3": 0
        }
      },
      "questID:3": 13
    },
    "14:10": {
      "completed:9": {},
      "tasks:9": {
        "0:10": {
          "completeUsers:9": {},
          "userProgress:9": {},
          "taskID:8": "bq_standard:retrieval",
          "index:3": 0
        }
      },
      "questID:3": 14
    },
    "15:10": {
      "completed:9": {},
      "tasks:9": {
        "0:10": {
          "completeUsers:9": {},
          "userProgress:9": {},
          "taskID:8": "bq_standard:retrieval",
          "index:3": 1
        }
      },
      "questID:3": 15
    },
    "16:10": {
      "completed:9": {},
      "tasks:9": {
        "0:10": {
          "completeUsers:9": {},
          "userProgress:9": {},
          "taskID:8": "bq_standard:retrieval",
          "index:3": 0
        }
      },
      "questID:3": 16
    },
    "17:10": {
      "completed:9": {},
      "tasks:9": {
        "0:10": {
          "completeUsers:9": {},
          "userProgress:9": {},
          "taskID:8": "bq_standard:retrieval",
          "index:3": 0
        }
      },
      "questID:3": 17
    },
    "18:10": {
      "completed:9": {},
      "tasks:9": {},
      "questID:3": 18
    },
    "19:10": {
      "completed:9": {},
      "tasks:9": {
        "0:10": {
          "completeUsers:9": {},
          "userProgress:9": {},
          "taskID:8": "bq_standard:retrieval",
          "index:3": 0
        }
      },
      "questID:3": 19
    },
    "20:10": {
      "completed:9": {},
      "tasks:9": {
        "0:10": {
          "completeUsers:9": {},
          "userProgress:9": {},
          "taskID:8": "bq_standard:retrieval",
          "index:3": 0
        }
      },
      "questID:3": 20
    },
    "21:10": {
      "completed:9": {},
      "tasks:9": {
        "0:10": {
          "completeUsers:9": {},
          "userProgress:9": {},
          "taskID:8": "bq_standard:retrieval",
          "index:3": 0
        }
      },
      "questID:3": 21
    },
    "22:10": {
      "completed:9": {},
      "tasks:9": {
        "0:10": {
          "completeUsers:9": {},
          "userProgress:9": {},
          "taskID:8": "bq_standard:retrieval",
          "index:3": 0
        }
      },
      "questID:3": 22
    },
    "23:10": {
      "completed:9": {},
      "tasks:9": {
        "0:10": {
          "completeUsers:9": {},
          "userProgress:9": {},
          "taskID:8": "bq_standard:retrieval",
          "index:3": 0
        }
      },
      "questID:3": 23
    },
    "24:10": {
      "completed:9": {},
      "tasks:9": {},
      "questID:3": 25
    },
    "25:10": {
      "completed:9": {},
      "tasks:9": {
        "0:10": {
          "completeUsers:9": {},
          "userProgress:9": {},
          "taskID:8": "bq_standard:retrieval",
          "index:3": 0
        }
      },
      "questID:3": 26
    },
    "26:10": {
      "completed:9": {},
      "tasks:9": {
        "0:10": {
          "completeUsers:9": {},
          "userProgress:9": {},
          "taskID:8": "bq_standard:retrieval",
          "index:3": 0
        }
      },
      "questID:3": 27
    },
    "27:10": {
      "completed:9": {},
      "tasks:9": {
        "0:10": {
          "completeUsers:9": {},
          "userProgress:9": {},
          "taskID:8": "bq_standard:retrieval",
          "index:3": 0
        }
      },
      "questID:3": 28
    },
    "28:10": {
      "completed:9": {},
      "tasks:9": {
        "0:10": {
          "completeUsers:9": {},
          "userProgress:9": {},
          "taskID:8": "bq_standard:retrieval",
          "index:3": 0
        }
      },
      "questID:3": 29
    },
    "29:10": {
      "completed:9": {},
      "tasks:9": {
        "0:10": {
          "completeUsers:9": {},
          "userProgress:9": {},
          "taskID:8": "bq_standard:retrieval",
          "index:3": 0
        }
      },
      "questID:3": 30
    },
    "30:10": {
      "completed:9": {},
      "tasks:9": {
        "0:10": {
          "completeUsers:9": {},
          "userProgress:9": {},
          "taskID:8": "bq_standard:retrieval",
          "index:3": 0
        }
      },
      "questID:3": 35
    },
    "31:10": {
      "completed:9": {},
      "tasks:9": {
        "0:10": {
          "completeUsers:9": {},
          "userProgress:9": {},
          "taskID:8": "bq_standard:retrieval",
          "index:3": 0
        }
      },
      "questID:3": 43
    },
    "32:10": {
      "completed:9": {},
      "tasks:9": {
        "0:10": {
          "completeUsers:9": {},
          "userProgress:9": {},
          "taskID:8": "bq_standard:retrieval",
          "index:3": 0
        }
      },
      "questID:3": 44
    },
    "33:10": {
      "completed:9": {},
      "tasks:9": {
        "0:10": {
          "completeUsers:9": {},
          "userProgress:9": {},
          "taskID:8": "bq_standard:retrieval",
          "index:3": 0
        }
      },
      "questID:3": 47
    }
  }
}