{
  "questSettings:10": {
    "betterquesting:10": {
      "pack_name:8": "",
      "pack_version:3": 0,
      "party_enable:1": 1,
      "editmode:1": 1,
      "hardcore:1": 0,
      "livesdef:3": 3,
      "livesmax:3": 10,
      "home_image:8": "betterquesting:textures/gui/default_title.png",
      "home_anchor_x:5": 0.5,
      "home_anchor_y:5": 0.0,
      "home_offset_x:3": -128,
      "home_offset_y:3": 0
    }
  },
  "questDatabase:9": {
    "0:10": {
      "properties:10": {
        "betterquesting:10": {
          "name:8": "Making Steel",
          "desc:8": "You can grind down Iron and Coal and then blend the dust together to get Steel Blend.",
          "icon:10": {
            "id:8": "thermalfoundation:material",
            "Count:3": 1,
            "Damage:2": 160,
            "OreDict:8": ""
          },
          "snd_complete:8": "minecraft:entity.player.levelup",
          "snd_update:8": "minecraft:entity.player.levelup",
          "questlogic:8": "AND",
          "tasklogic:8": "AND",
          "repeattime:3": -1,
          "repeat_relative:1": 1,
          "lockedprogress:1": 0,
          "autoclaim:1": 0,
          "issilent:1": 0,
          "ismain:1": 0,
          "globalshare:1": 0,
          "simultaneous:1": 0,
          "visibility:8": "NORMAL"
        }
      },
      "tasks:9": {
        "0:10": {
          "partialMatch:1": 1,
          "ignoreNBT:1": 0,
          "consume:1": 0,
          "groupDetect:1": 0,
          "autoConsume:1": 0,
          "requiredItems:9": {
            "0:10": {
              "id:8": "mekanism:dust",
              "Count:3": 32,
              "Damage:2": 0,
              "OreDict:8": "dustIron"
            },
            "1:10": {
              "id:8": "threng:material",
              "Count:3": 32,
              "Damage:2": 3,
              "OreDict:8": "dustCoal"
            }
          },
          "taskID:8": "bq_standard:retrieval",
          "index:3": 0
        }
      },
      "rewards:9": {
        "0:10": {
          "rewards:9": {
            "0:10": {
              "id:8": "thermalfoundation:coin",
              "Count:3": 1,
              "Damage:2": 1,
              "OreDict:8": ""
            }
          },
          "rewardID:8": "bq_standard:item",
          "index:3": 0
        }
      },
      "preRequisites:11": [
        1
      ],
      "questID:3": 0
    },
    "1:10": {
      "properties:10": {
        "betterquesting:10": {
          "name:8": "Starting out",
          "desc:8": "",
          "icon:10": {
            "id:8": "minecraft:crafting_table",
            "Count:3": 1,
            "Damage:2": 0,
            "OreDict:8": ""
          },
          "snd_complete:8": "minecraft:entity.player.levelup",
          "snd_update:8": "minecraft:entity.player.levelup",
          "questlogic:8": "AND",
          "tasklogic:8": "AND",
          "repeattime:3": -1,
          "repeat_relative:1": 1,
          "lockedprogress:1": 0,
          "autoclaim:1": 0,
          "issilent:1": 0,
          "ismain:1": 1,
          "globalshare:1": 0,
          "simultaneous:1": 0,
          "visibility:8": "NORMAL"
        }
      },
      "tasks:9": {
        "0:10": {
          "taskID:8": "bq_standard:checkbox",
          "index:3": 0
        }
      },
      "rewards:9": {
        "0:10": {
          "rewards:9": {
            "0:10": {
              "id:8": "tconstruct:hammer",
              "Count:3": 2,
              "Damage:2": 0,
              "tag:10": {
                "TinkerData:10": {
                  "Materials:9": {
                    "0:8": "manyullyn",
                    "1:8": "manyullyn",
                    "2:8": "manyullyn",
                    "3:8": "manyullyn"
                  },
                  "Modifiers:9": {}
                },
                "Stats:10": {
                  "Durability:3": 1650,
                  "HarvestLevel:3": 4,
                  "Attack:5": 8.72,
                  "MiningSpeed:5": 7.02,
                  "AttackSpeedMultiplier:5": 1.0,
                  "FreeModifiers:3": 3
                },
                "StatsOriginal:10": {
                  "Durability:3": 1650,
                  "HarvestLevel:3": 4,
                  "Attack:5": 8.72,
                  "MiningSpeed:5": 7.02,
                  "AttackSpeedMultiplier:5": 1.0,
                  "FreeModifiers:3": 3
                },
                "Special:10": {
                  "Categories:9": {
                    "0:8": "harvest",
                    "1:8": "tool",
                    "2:8": "aoe",
                    "3:8": "weapon"
                  }
                },
                "Modifiers:9": {
                  "0:10": {
                    "identifier:8": "coldblooded",
                    "color:3": -6202120,
                    "level:3": 1
                  },
                  "1:10": {
                    "identifier:8": "insatiable",
                    "color:3": -6202120,
                    "level:3": 1
                  }
                },
                "Traits:9": {
                  "0:8": "coldblooded",
                  "1:8": "insatiable"
                }
              },
              "OreDict:8": ""
            },
            "1:10": {
              "id:8": "thermalexpansion:satchel",
              "Count:3": 1,
              "Damage:2": 3,
              "tag:10": {
                "Accessible:1": 1
              },
              "OreDict:8": ""
            }
          },
          "rewardID:8": "bq_standard:item",
          "index:3": 0
        }
      },
      "preRequisites:11": [],
      "questID:3": 1
    },
    "2:10": {
      "properties:10": {
        "betterquesting:10": {
          "name:8": "Compressing Steel",
          "desc:8": "By exploding TNT nearby Steel Ingots, you can obtain Compressed Iron Ingots (don\u0027t ask me how that works). (Disclaimer: We are not liable for the 10% loss that this process does)",
          "icon:10": {
            "id:8": "pneumaticcraft:ingot_iron_compressed",
            "Count:3": 1,
            "Damage:2": 0,
            "OreDict:8": ""
          },
          "snd_complete:8": "minecraft:entity.player.levelup",
          "snd_update:8": "minecraft:entity.player.levelup",
          "questlogic:8": "AND",
          "tasklogic:8": "AND",
          "repeattime:3": -1,
          "repeat_relative:1": 1,
          "lockedprogress:1": 0,
          "autoclaim:1": 0,
          "issilent:1": 0,
          "ismain:1": 0,
          "globalshare:1": 0,
          "simultaneous:1": 0,
          "visibility:8": "NORMAL"
        }
      },
      "tasks:9": {
        "0:10": {
          "partialMatch:1": 1,
          "ignoreNBT:1": 0,
          "consume:1": 0,
          "groupDetect:1": 0,
          "autoConsume:1": 0,
          "requiredItems:9": {
            "0:10": {
              "id:8": "pneumaticcraft:ingot_iron_compressed",
              "Count:3": 24,
              "Damage:2": 0,
              "OreDict:8": ""
            }
          },
          "taskID:8": "bq_standard:retrieval",
          "index:3": 0
        }
      },
      "rewards:9": {
        "0:10": {
          "rewards:9": {
            "0:10": {
              "id:8": "thermalfoundation:coin",
              "Count:3": 6,
              "Damage:2": 1,
              "OreDict:8": ""
            }
          },
          "rewardID:8": "bq_standard:item",
          "index:3": 1
        }
      },
      "preRequisites:11": [
        0
      ],
      "questID:3": 2
    },
    "3:10": {
      "properties:10": {
        "betterquesting:10": {
          "name:8": "Compressing Air",
          "desc:8": "The Air Compressor starts up the early stages of industrailization, utilizing the power of pressure to do mechanical work at paces faster.",
          "icon:10": {
            "id:8": "pneumaticcraft:air_compressor",
            "Count:3": 1,
            "Damage:2": 0,
            "OreDict:8": ""
          },
          "snd_complete:8": "minecraft:entity.player.levelup",
          "snd_update:8": "minecraft:entity.player.levelup",
          "questlogic:8": "AND",
          "tasklogic:8": "AND",
          "repeattime:3": -1,
          "repeat_relative:1": 1,
          "lockedprogress:1": 0,
          "autoclaim:1": 0,
          "issilent:1": 0,
          "ismain:1": 0,
          "globalshare:1": 0,
          "simultaneous:1": 0,
          "visibility:8": "NORMAL"
        }
      },
      "tasks:9": {
        "0:10": {
          "partialMatch:1": 1,
          "ignoreNBT:1": 0,
          "consume:1": 0,
          "groupDetect:1": 0,
          "autoConsume:1": 0,
          "requiredItems:9": {
            "0:10": {
              "id:8": "minecraft:stone",
              "Count:3": 1,
              "Damage:2": 0,
              "OreDict:8": ""
            }
          },
          "taskID:8": "bq_standard:retrieval",
          "index:3": 0
        }
      },
      "rewards:9": {},
      "preRequisites:11": [
        2
      ],
      "questID:3": 3
    },
    "4:10": {
      "properties:10": {
        "betterquesting:10": {
          "name:8": "Plastic Mixer",
          "desc:8": "This machine utilizes heat to melt down an object or to solidify an object.",
          "icon:10": {
            "id:8": "pneumaticcraft:plastic_mixer",
            "Count:3": 1,
            "Damage:2": 0,
            "OreDict:8": ""
          },
          "snd_complete:8": "minecraft:entity.player.levelup",
          "snd_update:8": "minecraft:entity.player.levelup",
          "questlogic:8": "AND",
          "tasklogic:8": "AND",
          "repeattime:3": -1,
          "repeat_relative:1": 1,
          "lockedprogress:1": 0,
          "autoclaim:1": 0,
          "issilent:1": 0,
          "ismain:1": 0,
          "globalshare:1": 0,
          "simultaneous:1": 0,
          "visibility:8": "NORMAL"
        }
      },
      "tasks:9": {
        "0:10": {
          "partialMatch:1": 1,
          "ignoreNBT:1": 0,
          "consume:1": 0,
          "groupDetect:1": 0,
          "autoConsume:1": 0,
          "requiredItems:9": {
            "0:10": {
              "id:8": "pneumaticcraft:plastic_mixer",
              "Count:3": 1,
              "Damage:2": 0,
              "OreDict:8": ""
            }
          },
          "taskID:8": "bq_standard:retrieval",
          "index:3": 0
        }
      },
      "rewards:9": {
        "0:10": {
          "rewards:9": {
            "0:10": {
              "id:8": "thermalfoundation:coin",
              "Count:3": 2,
              "Damage:2": 1,
              "OreDict:8": ""
            }
          },
          "rewardID:8": "bq_standard:item",
          "index:3": 0
        }
      },
      "preRequisites:11": [
        3
      ],
      "questID:3": 4
    },
    "5:10": {
      "properties:10": {
        "betterquesting:10": {
          "name:8": "Mortars",
          "desc:8": "By making a mortar, you can craft Grout by mashing Gravel, Clay and Dirt together to make Grout which will be needed for Seared Brick and then the Smeltery",
          "icon:10": {
            "id:8": "advancedmortars:mortar",
            "Count:3": 1,
            "Damage:2": 2,
            "OreDict:8": ""
          },
          "snd_complete:8": "minecraft:entity.player.levelup",
          "snd_update:8": "minecraft:entity.player.levelup",
          "questlogic:8": "NOR",
          "tasklogic:8": "AND",
          "repeattime:3": -1,
          "repeat_relative:1": 1,
          "lockedprogress:1": 0,
          "autoclaim:1": 0,
          "issilent:1": 0,
          "ismain:1": 0,
          "globalshare:1": 0,
          "simultaneous:1": 0,
          "visibility:8": "NORMAL"
        }
      },
      "tasks:9": {
        "0:10": {
          "partialMatch:1": 1,
          "ignoreNBT:1": 0,
          "consume:1": 0,
          "groupDetect:1": 0,
          "autoConsume:1": 0,
          "requiredItems:9": {
            "0:10": {
              "id:8": "advancedmortars:mortar",
              "Count:3": 1,
              "Damage:2": 2,
              "OreDict:8": ""
            }
          },
          "taskID:8": "bq_standard:retrieval",
          "index:3": 0
        }
      },
      "rewards:9": {
        "0:10": {
          "rewards:9": {
            "0:10": {
              "id:8": "thermalfoundation:coin",
              "Count:3": 1,
              "Damage:2": 1,
              "OreDict:8": ""
            }
          },
          "rewardID:8": "bq_standard:item",
          "index:3": 0
        }
      },
      "preRequisites:11": [
        2
      ],
      "questID:3": 5
    },
    "6:10": {
      "properties:10": {
        "betterquesting:10": {
          "name:8": "Casting Fluids",
          "desc:8": "By having this system, you can make Seared Brick at paces faster than the before method.",
          "icon:10": {
            "id:8": "tconstruct:casting",
            "Count:3": 1,
            "Damage:2": 0,
            "OreDict:8": ""
          },
          "snd_complete:8": "minecraft:entity.player.levelup",
          "snd_update:8": "minecraft:entity.player.levelup",
          "questlogic:8": "AND",
          "tasklogic:8": "AND",
          "repeattime:3": -1,
          "repeat_relative:1": 1,
          "lockedprogress:1": 0,
          "autoclaim:1": 0,
          "issilent:1": 0,
          "ismain:1": 0,
          "globalshare:1": 0,
          "simultaneous:1": 0,
          "visibility:8": "NORMAL"
        }
      },
      "tasks:9": {
        "0:10": {
          "partialMatch:1": 1,
          "ignoreNBT:1": 0,
          "consume:1": 0,
          "groupDetect:1": 0,
          "autoConsume:1": 0,
          "requiredItems:9": {
            "0:10": {
              "id:8": "tconstruct:casting",
              "Count:3": 1,
              "Damage:2": 0,
              "OreDict:8": ""
            },
            "1:10": {
              "id:8": "tconstruct:seared_tank",
              "Count:3": 1,
              "Damage:2": 0,
              "OreDict:8": ""
            },
            "2:10": {
              "id:8": "tconstruct:smeltery_io",
              "Count:3": 1,
              "Damage:2": 0,
              "OreDict:8": ""
            }
          },
          "taskID:8": "bq_standard:retrieval",
          "index:3": 0
        }
      },
      "rewards:9": {
        "0:10": {
          "rewards:9": {
            "0:10": {
              "id:8": "thermalfoundation:coin",
              "Count:3": 1,
              "Damage:2": 1,
              "OreDict:8": ""
            }
          },
          "rewardID:8": "bq_standard:item",
          "index:3": 0
        }
      },
      "preRequisites:11": [
        4,
        44
      ],
      "questID:3": 6
    },
    "7:10": {
      "properties:10": {
        "betterquesting:10": {
          "name:8": "New Quest",
          "desc:8": "No Description",
          "icon:10": {
            "id:8": "extrautils2:compressednetherrack",
            "Count:3": 1,
            "Damage:2": 3,
            "OreDict:8": ""
          },
          "snd_complete:8": "minecraft:entity.player.levelup",
          "snd_update:8": "minecraft:entity.player.levelup",
          "questlogic:8": "AND",
          "tasklogic:8": "AND",
          "repeattime:3": -1,
          "repeat_relative:1": 1,
          "lockedprogress:1": 0,
          "autoclaim:1": 0,
          "issilent:1": 0,
          "ismain:1": 0,
          "globalshare:1": 0,
          "simultaneous:1": 0,
          "visibility:8": "NORMAL"
        }
      },
      "tasks:9": {},
      "rewards:9": {},
      "preRequisites:11": [
        8
      ],
      "questID:3": 7
    },
    "8:10": {
      "properties:10": {
        "betterquesting:10": {
          "name:8": "Entering the Nether",
          "desc:8": "By entering the gates to Hell itself, you have a task to do and...",
          "icon:10": {
            "id:8": "minecraft:netherrack",
            "Count:3": 1,
            "Damage:2": 0,
            "OreDict:8": ""
          },
          "snd_complete:8": "minecraft:entity.player.levelup",
          "snd_update:8": "minecraft:entity.player.levelup",
          "questlogic:8": "AND",
          "tasklogic:8": "AND",
          "repeattime:3": -1,
          "repeat_relative:1": 1,
          "lockedprogress:1": 0,
          "autoclaim:1": 0,
          "issilent:1": 0,
          "ismain:1": 0,
          "globalshare:1": 0,
          "simultaneous:1": 0,
          "visibility:8": "NORMAL"
        }
      },
      "tasks:9": {
        "0:10": {
          "partialMatch:1": 1,
          "ignoreNBT:1": 0,
          "consume:1": 0,
          "groupDetect:1": 0,
          "autoConsume:1": 0,
          "requiredItems:9": {
            "0:10": {
              "id:8": "minecraft:netherrack",
              "Count:3": 1,
              "Damage:2": 0,
              "OreDict:8": ""
            }
          },
          "taskID:8": "bq_standard:retrieval",
          "index:3": 0
        }
      },
      "rewards:9": {
        "0:10": {
          "rewards:9": {
            "0:10": {
              "id:8": "thermalfoundation:coin",
              "Count:3": 1,
              "Damage:2": 1,
              "OreDict:8": ""
            }
          },
          "rewardID:8": "bq_standard:item",
          "index:3": 0
        }
      },
      "preRequisites:11": [
        2
      ],
      "questID:3": 8
    },
    "9:10": {
      "properties:10": {
        "betterquesting:10": {
          "name:8": "Heart of the Smeltery",
          "desc:8": "By casting a Quadruple Compressed Netherrack in 3.8B of Seared Stone.",
          "icon:10": {
            "id:8": "tconstruct:smeltery_controller",
            "Count:3": 1,
            "Damage:2": 0,
            "OreDict:8": ""
          },
          "snd_complete:8": "minecraft:entity.player.levelup",
          "snd_update:8": "minecraft:entity.player.levelup",
          "questlogic:8": "AND",
          "tasklogic:8": "AND",
          "repeattime:3": -1,
          "repeat_relative:1": 1,
          "lockedprogress:1": 0,
          "autoclaim:1": 0,
          "issilent:1": 0,
          "ismain:1": 1,
          "globalshare:1": 0,
          "simultaneous:1": 0,
          "visibility:8": "NORMAL"
        }
      },
      "tasks:9": {
        "0:10": {
          "partialMatch:1": 1,
          "ignoreNBT:1": 0,
          "consume:1": 0,
          "groupDetect:1": 0,
          "autoConsume:1": 0,
          "requiredItems:9": {
            "0:10": {
              "id:8": "tconstruct:smeltery_controller",
              "Count:3": 1,
              "Damage:2": 0,
              "OreDict:8": ""
            }
          },
          "taskID:8": "bq_standard:retrieval",
          "index:3": 0
        }
      },
      "rewards:9": {
        "0:10": {
          "rewards:9": {
            "0:10": {
              "id:8": "thermalfoundation:coin",
              "Count:3": 6,
              "Damage:2": 1,
              "OreDict:8": ""
            }
          },
          "rewardID:8": "bq_standard:item",
          "index:3": 0
        }
      },
      "preRequisites:11": [
        7,
        6,
        4
      ],
      "questID:3": 9
    },
    "10:10": {
      "properties:10": {
        "betterquesting:10": {
          "name:8": "Beef Cast",
          "desc:8": "is it really worth it?",
          "icon:10": {
            "id:8": "contenttweaker:boulecast",
            "Count:3": 1,
            "Damage:2": 0,
            "OreDict:8": ""
          },
          "snd_complete:8": "minecraft:entity.player.levelup",
          "snd_update:8": "minecraft:entity.player.levelup",
          "questlogic:8": "AND",
          "tasklogic:8": "AND",
          "repeattime:3": -1,
          "repeat_relative:1": 1,
          "lockedprogress:1": 0,
          "autoclaim:1": 0,
          "issilent:1": 0,
          "ismain:1": 0,
          "globalshare:1": 0,
          "simultaneous:1": 0,
          "visibility:8": "NORMAL"
        }
      },
      "tasks:9": {
        "0:10": {
          "partialMatch:1": 1,
          "ignoreNBT:1": 0,
          "consume:1": 0,
          "groupDetect:1": 0,
          "autoConsume:1": 0,
          "requiredItems:9": {
            "0:10": {
              "id:8": "minecraft:beef",
              "Count:3": 1,
              "Damage:2": 0,
              "OreDict:8": ""
            },
            "1:10": {
              "id:8": "contenttweaker:boulecast",
              "Count:3": 1,
              "Damage:2": 0,
              "OreDict:8": ""
            }
          },
          "taskID:8": "bq_standard:retrieval",
          "index:3": 0
        }
      },
      "rewards:9": {
        "0:10": {
          "rewards:9": {
            "0:10": {
              "id:8": "minecraft:cooked_beef",
              "Count:3": 1,
              "Damage:2": 0,
              "OreDict:8": ""
            }
          },
          "rewardID:8": "bq_standard:item",
          "index:3": 0
        }
      },
      "preRequisites:11": [
        9
      ],
      "questID:3": 10
    },
    "11:10": {
      "properties:10": {
        "betterquesting:10": {
          "name:8": "Making Plate Casts",
          "desc:8": "No Description",
          "icon:10": {
            "id:8": "tconstruct:cast_custom",
            "Count:3": 1,
            "Damage:2": 3,
            "OreDict:8": ""
          },
          "snd_complete:8": "minecraft:entity.player.levelup",
          "snd_update:8": "minecraft:entity.player.levelup",
          "questlogic:8": "AND",
          "tasklogic:8": "AND",
          "repeattime:3": -1,
          "repeat_relative:1": 1,
          "lockedprogress:1": 0,
          "autoclaim:1": 0,
          "issilent:1": 0,
          "ismain:1": 0,
          "globalshare:1": 0,
          "simultaneous:1": 0,
          "visibility:8": "NORMAL"
        }
      },
      "tasks:9": {},
      "rewards:9": {},
      "preRequisites:11": [
        13,
        9
      ],
      "questID:3": 11
    },
    "12:10": {
      "properties:10": {
        "betterquesting:10": {
          "name:8": "Obtaining Quartz",
          "desc:8": "NOTE: DO THIS LATER",
          "icon:10": {
            "id:8": "minecraft:quartz",
            "Count:3": 1,
            "Damage:2": 0,
            "OreDict:8": ""
          },
          "snd_complete:8": "minecraft:entity.player.levelup",
          "snd_update:8": "minecraft:entity.player.levelup",
          "questlogic:8": "AND",
          "tasklogic:8": "AND",
          "repeattime:3": -1,
          "repeat_relative:1": 1,
          "lockedprogress:1": 0,
          "autoclaim:1": 0,
          "issilent:1": 0,
          "ismain:1": 0,
          "globalshare:1": 0,
          "simultaneous:1": 0,
          "visibility:8": "NORMAL"
        }
      },
      "tasks:9": {
        "0:10": {
          "partialMatch:1": 1,
          "ignoreNBT:1": 0,
          "consume:1": 0,
          "groupDetect:1": 0,
          "autoConsume:1": 0,
          "requiredItems:9": {
            "0:10": {
              "id:8": "minecraft:quartz",
              "Count:3": 64,
              "Damage:2": 0,
              "OreDict:8": ""
            }
          },
          "taskID:8": "bq_standard:retrieval",
          "index:3": 0
        }
      },
      "rewards:9": {},
      "preRequisites:11": [
        9
      ],
      "questID:3": 12
    },
    "13:10": {
      "properties:10": {
        "betterquesting:10": {
          "name:8": "Molding Silicon",
          "desc:8": "By pouring Silicon into the §mbeef cast§r Boule Cast, you can cast a Silicon Boule, which can be cut into plates and then to Silicon itself.",
          "icon:10": {
            "id:8": "libvulpes:productboule",
            "Count:3": 1,
            "Damage:2": 3,
            "OreDict:8": ""
          },
          "snd_complete:8": "minecraft:entity.player.levelup",
          "snd_update:8": "minecraft:entity.player.levelup",
          "questlogic:8": "AND",
          "tasklogic:8": "AND",
          "repeattime:3": -1,
          "repeat_relative:1": 1,
          "lockedprogress:1": 0,
          "autoclaim:1": 0,
          "issilent:1": 0,
          "ismain:1": 0,
          "globalshare:1": 0,
          "simultaneous:1": 0,
          "visibility:8": "NORMAL"
        }
      },
      "tasks:9": {
        "0:10": {
          "partialMatch:1": 1,
          "ignoreNBT:1": 0,
          "consume:1": 0,
          "groupDetect:1": 0,
          "autoConsume:1": 0,
          "requiredItems:9": {
            "0:10": {
              "id:8": "libvulpes:productboule",
              "Count:3": 5,
              "Damage:2": 3,
              "OreDict:8": ""
            }
          },
          "taskID:8": "bq_standard:retrieval",
          "index:3": 0
        }
      },
      "rewards:9": {
        "0:10": {
          "rewards:9": {
            "0:10": {
              "id:8": "thermalfoundation:coin",
              "Count:3": 2,
              "Damage:2": 1,
              "OreDict:8": ""
            }
          },
          "rewardID:8": "bq_standard:item",
          "index:3": 0
        }
      },
      "preRequisites:11": [
        12
      ],
      "questID:3": 13
    },
    "14:10": {
      "properties:10": {
        "betterquesting:10": {
          "name:8": "Thermopneumatic Processing Plant",
          "desc:8": "This machine uses heat and/or pressure to transform a solid or a solid and a fluid to another fluid.",
          "icon:10": {
            "id:8": "pneumaticcraft:thermopneumatic_processing_plant",
            "Count:3": 1,
            "Damage:2": 0,
            "OreDict:8": ""
          },
          "snd_complete:8": "minecraft:entity.player.levelup",
          "snd_update:8": "minecraft:entity.player.levelup",
          "questlogic:8": "AND",
          "tasklogic:8": "AND",
          "repeattime:3": -1,
          "repeat_relative:1": 1,
          "lockedprogress:1": 0,
          "autoclaim:1": 0,
          "issilent:1": 0,
          "ismain:1": 0,
          "globalshare:1": 0,
          "simultaneous:1": 0,
          "visibility:8": "NORMAL"
        }
      },
      "tasks:9": {
        "0:10": {
          "partialMatch:1": 1,
          "ignoreNBT:1": 0,
          "consume:1": 0,
          "groupDetect:1": 0,
          "autoConsume:1": 0,
          "requiredItems:9": {
            "0:10": {
              "id:8": "pneumaticcraft:thermopneumatic_processing_plant",
              "Count:3": 1,
              "Damage:2": 0,
              "OreDict:8": ""
            }
          },
          "taskID:8": "bq_standard:retrieval",
          "index:3": 0
        }
      },
      "rewards:9": {
        "0:10": {
          "rewards:9": {
            "0:10": {
              "id:8": "thermalfoundation:coin",
              "Count:3": 5,
              "Damage:2": 0,
              "OreDict:8": ""
            }
          },
          "rewardID:8": "bq_standard:item",
          "index:3": 0
        }
      },
      "preRequisites:11": [
        3
      ],
      "questID:3": 14
    },
    "15:10": {
      "properties:10": {
        "betterquesting:10": {
          "name:8": "Making Biomass",
          "desc:8": "Biomass is made by pressurizing and heating organic matter in a Thermopneumatic Processing Plant.",
          "icon:10": {
            "id:8": "cyclicmagic:biomass",
            "Count:3": 1,
            "Damage:2": 0,
            "OreDict:8": ""
          },
          "snd_complete:8": "minecraft:entity.player.levelup",
          "snd_update:8": "minecraft:entity.player.levelup",
          "questlogic:8": "AND",
          "tasklogic:8": "AND",
          "repeattime:3": -1,
          "repeat_relative:1": 1,
          "lockedprogress:1": 0,
          "autoclaim:1": 0,
          "issilent:1": 0,
          "ismain:1": 0,
          "globalshare:1": 0,
          "simultaneous:1": 0,
          "visibility:8": "NORMAL"
        }
      },
      "tasks:9": {
        "0:10": {
          "partialMatch:1": 1,
          "ignoreNBT:1": 0,
          "consume:1": 0,
          "groupDetect:1": 0,
          "autoConsume:1": 0,
          "requiredItems:9": {
            "0:10": {
              "id:8": "forge:bucketfilled",
              "Count:3": 1,
              "Damage:2": 0,
              "tag:10": {
                "FluidName:8": "biomass",
                "Amount:3": 1000
              },
              "OreDict:8": ""
            }
          },
          "taskID:8": "bq_standard:retrieval",
          "index:3": 1
        }
      },
      "rewards:9": {
        "0:10": {
          "rewards:9": {
            "0:10": {
              "id:8": "thermalfoundation:coin",
              "Count:3": 8,
              "Damage:2": 64,
              "OreDict:8": ""
            }
          },
          "rewardID:8": "bq_standard:item",
          "index:3": 0
        }
      },
      "preRequisites:11": [
        14
      ],
      "questID:3": 15
    },
    "16:10": {
      "properties:10": {
        "betterquesting:10": {
          "name:8": "Distilling Crude Oil",
          "desc:8": "By distilling Biomass you can get 100mB of Crude Oil and 540mB of Water, you essentially have an infinite source of oil.",
          "icon:10": {
            "id:8": "thermalfoundation:fluid_crude_oil",
            "Count:3": 1,
            "Damage:2": 0,
            "OreDict:8": ""
          },
          "snd_complete:8": "minecraft:entity.player.levelup",
          "snd_update:8": "minecraft:entity.player.levelup",
          "questlogic:8": "AND",
          "tasklogic:8": "AND",
          "repeattime:3": -1,
          "repeat_relative:1": 1,
          "lockedprogress:1": 0,
          "autoclaim:1": 0,
          "issilent:1": 0,
          "ismain:1": 0,
          "globalshare:1": 0,
          "simultaneous:1": 0,
          "visibility:8": "NORMAL"
        }
      },
      "tasks:9": {
        "0:10": {
          "partialMatch:1": 1,
          "ignoreNBT:1": 0,
          "consume:1": 0,
          "groupDetect:1": 0,
          "autoConsume:1": 0,
          "requiredItems:9": {
            "0:10": {
              "id:8": "forge:bucketfilled",
              "Count:3": 1,
              "Damage:2": 0,
              "tag:10": {
                "FluidName:8": "crude_oil",
                "Amount:3": 1000
              },
              "OreDict:8": ""
            }
          },
          "taskID:8": "bq_standard:retrieval",
          "index:3": 0
        }
      },
      "rewards:9": {
        "0:10": {
          "rewards:9": {
            "0:10": {
              "id:8": "thermalfoundation:coin",
              "Count:3": 1,
              "Damage:2": 1,
              "OreDict:8": ""
            }
          },
          "rewardID:8": "bq_standard:item",
          "index:3": 0
        }
      },
      "preRequisites:11": [
        17
      ],
      "questID:3": 16
    },
    "17:10": {
      "properties:10": {
        "betterquesting:10": {
          "name:8": "Refinery",
          "desc:8": "The Refinery uses heat to distill a fluid into multiple fluids, which will be essential for progression.",
          "icon:10": {
            "id:8": "pneumaticcraft:refinery",
            "Count:3": 1,
            "Damage:2": 0,
            "OreDict:8": ""
          },
          "snd_complete:8": "minecraft:entity.player.levelup",
          "snd_update:8": "minecraft:entity.player.levelup",
          "questlogic:8": "AND",
          "tasklogic:8": "AND",
          "repeattime:3": -1,
          "repeat_relative:1": 1,
          "lockedprogress:1": 0,
          "autoclaim:1": 0,
          "issilent:1": 0,
          "ismain:1": 1,
          "globalshare:1": 0,
          "simultaneous:1": 0,
          "visibility:8": "NORMAL"
        }
      },
      "tasks:9": {
        "0:10": {
          "partialMatch:1": 1,
          "ignoreNBT:1": 0,
          "consume:1": 0,
          "groupDetect:1": 0,
          "autoConsume:1": 0,
          "requiredItems:9": {
            "0:10": {
              "id:8": "pneumaticcraft:refinery",
              "Count:3": 8,
              "Damage:2": 0,
              "OreDict:8": ""
            }
          },
          "taskID:8": "bq_standard:retrieval",
          "index:3": 0
        }
      },
      "rewards:9": {
        "0:10": {
          "rewards:9": {
            "0:10": {
              "id:8": "thermalfoundation:coin",
              "Count:3": 1,
              "Damage:2": 1,
              "OreDict:8": ""
            }
          },
          "rewardID:8": "bq_standard:item",
          "index:3": 0
        }
      },
      "preRequisites:11": [
        15
      ],
      "questID:3": 17
    },
    "18:10": {
      "properties:10": {
        "betterquesting:10": {
          "name:8": "New Quest",
          "desc:8": "No Description",
          "icon:10": {
            "id:8": "minecraft:nether_star",
            "Count:3": 1,
            "Damage:2": 0,
            "OreDict:8": ""
          },
          "snd_complete:8": "minecraft:entity.player.levelup",
          "snd_update:8": "minecraft:entity.player.levelup",
          "questlogic:8": "AND",
          "tasklogic:8": "AND",
          "repeattime:3": -1,
          "repeat_relative:1": 1,
          "lockedprogress:1": 0,
          "autoclaim:1": 0,
          "issilent:1": 0,
          "ismain:1": 0,
          "globalshare:1": 0,
          "simultaneous:1": 0,
          "visibility:8": "NORMAL"
        }
      },
      "tasks:9": {},
      "rewards:9": {},
      "preRequisites:11": [
        26
      ],
      "questID:3": 18
    },
    "19:10": {
      "properties:10": {
        "betterquesting:10": {
          "name:8": "Inscribing Engineering Circuits",
          "desc:8": "By inscribing Diamond in an Inscriber, you get a Printed Engineering Circuit.",
          "icon:10": {
            "id:8": "appliedenergistics2:material",
            "Count:3": 0,
            "Damage:2": 17,
            "OreDict:8": ""
          },
          "snd_complete:8": "minecraft:entity.player.levelup",
          "snd_update:8": "minecraft:entity.player.levelup",
          "questlogic:8": "AND",
          "tasklogic:8": "AND",
          "repeattime:3": -1,
          "repeat_relative:1": 1,
          "lockedprogress:1": 0,
          "autoclaim:1": 0,
          "issilent:1": 0,
          "ismain:1": 0,
          "globalshare:1": 0,
          "simultaneous:1": 0,
          "visibility:8": "NORMAL"
        }
      },
      "tasks:9": {
        "0:10": {
          "partialMatch:1": 1,
          "ignoreNBT:1": 0,
          "consume:1": 0,
          "groupDetect:1": 0,
          "autoConsume:1": 0,
          "requiredItems:9": {
            "0:10": {
              "id:8": "appliedenergistics2:material",
              "Count:3": 8,
              "Damage:2": 17,
              "OreDict:8": ""
            }
          },
          "taskID:8": "bq_standard:retrieval",
          "index:3": 0
        }
      },
      "rewards:9": {
        "0:10": {
          "rewards:9": {
            "0:10": {
              "id:8": "thermalfoundation:coin",
              "Count:3": 9,
              "Damage:2": 0,
              "OreDict:8": ""
            }
          },
          "rewardID:8": "bq_standard:item",
          "index:3": 0
        }
      },
      "preRequisites:11": [
        29
      ],
      "questID:3": 19
    },
    "20:10": {
      "properties:10": {
        "betterquesting:10": {
          "name:8": "Inscribing Logic Presses",
          "desc:8": "By inscribing Gold in an Inscriber, you get a Printed Logic Circuit.",
          "icon:10": {
            "id:8": "appliedenergistics2:material",
            "Count:3": 1,
            "Damage:2": 18,
            "OreDict:8": ""
          },
          "snd_complete:8": "minecraft:entity.player.levelup",
          "snd_update:8": "minecraft:entity.player.levelup",
          "questlogic:8": "AND",
          "tasklogic:8": "AND",
          "repeattime:3": -1,
          "repeat_relative:1": 1,
          "lockedprogress:1": 0,
          "autoclaim:1": 0,
          "issilent:1": 0,
          "ismain:1": 0,
          "globalshare:1": 0,
          "simultaneous:1": 0,
          "visibility:8": "NORMAL"
        }
      },
      "tasks:9": {
        "0:10": {
          "partialMatch:1": 1,
          "ignoreNBT:1": 0,
          "consume:1": 0,
          "groupDetect:1": 0,
          "autoConsume:1": 0,
          "requiredItems:9": {
            "0:10": {
              "id:8": "appliedenergistics2:material",
              "Count:3": 8,
              "Damage:2": 18,
              "OreDict:8": ""
            }
          },
          "taskID:8": "bq_standard:retrieval",
          "index:3": 0
        }
      },
      "rewards:9": {
        "0:10": {
          "rewards:9": {
            "0:10": {
              "id:8": "thermalfoundation:coin",
              "Count:3": 9,
              "Damage:2": 0,
              "OreDict:8": ""
            }
          },
          "rewardID:8": "bq_standard:item",
          "index:3": 0
        }
      },
      "preRequisites:11": [
        29
      ],
      "questID:3": 20
    },
    "21:10": {
      "properties:10": {
        "betterquesting:10": {
          "name:8": "Distilling Oil",
          "desc:8": "By distilling Crude Oil in a Refinery, you can obtain the chronology of LPG, Gasoline, Diesel and Kerosene. LPG is essential in Plastic Production and the rest is used as fuel for the Gas Turbine Generator or distilled into LPG via the Thermopneumatic Processing Plant",
          "icon:10": {
            "id:8": "forge:bucketfilled",
            "Count:3": 1,
            "Damage:2": 0,
            "tag:10": {
              "FluidName:8": "refined_fuel",
              "Amount:3": 1000
            },
            "OreDict:8": ""
          },
          "snd_complete:8": "minecraft:entity.player.levelup",
          "snd_update:8": "minecraft:entity.player.levelup",
          "questlogic:8": "AND",
          "tasklogic:8": "AND",
          "repeattime:3": -1,
          "repeat_relative:1": 1,
          "lockedprogress:1": 0,
          "autoclaim:1": 0,
          "issilent:1": 0,
          "ismain:1": 0,
          "globalshare:1": 0,
          "simultaneous:1": 0,
          "visibility:8": "NORMAL"
        }
      },
      "tasks:9": {
        "0:10": {
          "partialMatch:1": 1,
          "ignoreNBT:1": 0,
          "consume:1": 0,
          "groupDetect:1": 0,
          "autoConsume:1": 0,
          "requiredItems:9": {
            "0:10": {
              "id:8": "forge:bucketfilled",
              "Count:3": 1,
              "Damage:2": 0,
              "tag:10": {
                "FluidName:8": "diesel",
                "Amount:3": 1000
              },
              "OreDict:8": ""
            },
            "1:10": {
              "id:8": "forge:bucketfilled",
              "Count:3": 1,
              "Damage:2": 0,
              "tag:10": {
                "FluidName:8": "lpg",
                "Amount:3": 1000
              },
              "OreDict:8": ""
            },
            "2:10": {
              "id:8": "forge:bucketfilled",
              "Count:3": 1,
              "Damage:2": 0,
              "tag:10": {
                "FluidName:8": "fuel",
                "Amount:3": 1000
              },
              "OreDict:8": ""
            },
            "3:10": {
              "id:8": "forge:bucketfilled",
              "Count:3": 1,
              "Damage:2": 0,
              "tag:10": {
                "FluidName:8": "kerosene",
                "Amount:3": 1000
              },
              "OreDict:8": ""
            }
          },
          "taskID:8": "bq_standard:retrieval",
          "index:3": 0
        }
      },
      "rewards:9": {
        "0:10": {
          "rewards:9": {
            "0:10": {
              "id:8": "thermalfoundation:coin",
              "Count:3": 27,
              "Damage:2": 0,
              "OreDict:8": ""
            }
          },
          "rewardID:8": "bq_standard:item",
          "index:3": 0
        }
      },
      "preRequisites:11": [
        16
      ],
      "questID:3": 21
    },
    "22:10": {
      "properties:10": {
        "betterquesting:10": {
          "name:8": "Gas Turbine Generator",
          "desc:8": "The Gas Turbine Generator generates Power from burnable fluids (liquids and gases). With the Advanced Generators mod, the generator is extremely modular, fitting into any area.",
          "icon:10": {
            "id:8": "advgenerators:turbine_controller",
            "Count:3": 1,
            "Damage:2": 0,
            "OreDict:8": ""
          },
          "snd_complete:8": "minecraft:entity.player.levelup",
          "snd_update:8": "minecraft:entity.player.levelup",
          "questlogic:8": "AND",
          "tasklogic:8": "AND",
          "repeattime:3": -1,
          "repeat_relative:1": 1,
          "lockedprogress:1": 0,
          "autoclaim:1": 0,
          "issilent:1": 0,
          "ismain:1": 1,
          "globalshare:1": 0,
          "simultaneous:1": 0,
          "visibility:8": "NORMAL"
        }
      },
      "tasks:9": {
        "0:10": {
          "partialMatch:1": 1,
          "ignoreNBT:1": 0,
          "consume:1": 0,
          "groupDetect:1": 0,
          "autoConsume:1": 0,
          "requiredItems:9": {
            "0:10": {
              "id:8": "advgenerators:turbine_controller",
              "Count:3": 1,
              "Damage:2": 0,
              "OreDict:8": ""
            },
            "1:10": {
              "id:8": "advgenerators:turbine_steel",
              "Count:3": 10,
              "Damage:2": 0,
              "OreDict:8": ""
            },
            "2:10": {
              "id:8": "advgenerators:fluid_input",
              "Count:3": 1,
              "Damage:2": 0,
              "OreDict:8": ""
            },
            "3:10": {
              "id:8": "advgenerators:rf_output",
              "Count:3": 1,
              "Damage:2": 0,
              "OreDict:8": ""
            }
          },
          "taskID:8": "bq_standard:retrieval",
          "index:3": 0
        }
      },
      "rewards:9": {},
      "preRequisites:11": [
        21,
        35
      ],
      "questID:3": 22
    },
    "23:10": {
      "properties:10": {
        "betterquesting:10": {
          "name:8": "Inscribing Silicon ",
          "desc:8": "By inscribing Silicon in an Inscriber, you get a Printed Silicon.",
          "icon:10": {
            "id:8": "appliedenergistics2:material",
            "Count:3": 1,
            "Damage:2": 16,
            "OreDict:8": ""
          },
          "snd_complete:8": "minecraft:entity.player.levelup",
          "snd_update:8": "minecraft:entity.player.levelup",
          "questlogic:8": "AND",
          "tasklogic:8": "AND",
          "repeattime:3": -1,
          "repeat_relative:1": 1,
          "lockedprogress:1": 0,
          "autoclaim:1": 0,
          "issilent:1": 0,
          "ismain:1": 0,
          "globalshare:1": 0,
          "simultaneous:1": 0,
          "visibility:8": "NORMAL"
        }
      },
      "tasks:9": {
        "0:10": {
          "partialMatch:1": 1,
          "ignoreNBT:1": 0,
          "consume:1": 0,
          "groupDetect:1": 0,
          "autoConsume:1": 0,
          "requiredItems:9": {
            "0:10": {
              "id:8": "appliedenergistics2:material",
              "Count:3": 8,
              "Damage:2": 20,
              "OreDict:8": ""
            }
          },
          "taskID:8": "bq_standard:retrieval",
          "index:3": 0
        }
      },
      "rewards:9": {
        "0:10": {
          "rewards:9": {
            "0:10": {
              "id:8": "thermalfoundation:coin",
              "Count:3": 9,
              "Damage:2": 0,
              "OreDict:8": ""
            }
          },
          "rewardID:8": "bq_standard:item",
          "index:3": 0
        }
      },
      "preRequisites:11": [
        29
      ],
      "questID:3": 23
    },
    "24:10": {
      "properties:10": {
        "betterquesting:10": {
          "name:8": "New Quest",
          "desc:8": "No Description",
          "icon:10": {
            "id:8": "pneumaticcraft:plastic",
            "Count:3": 1,
            "Damage:2": 2,
            "OreDict:8": ""
          },
          "snd_complete:8": "minecraft:entity.player.levelup",
          "snd_update:8": "minecraft:entity.player.levelup",
          "questlogic:8": "AND",
          "tasklogic:8": "AND",
          "repeattime:3": -1,
          "repeat_relative:1": 1,
          "lockedprogress:1": 0,
          "autoclaim:1": 0,
          "issilent:1": 0,
          "ismain:1": 0,
          "globalshare:1": 0,
          "simultaneous:1": 0,
          "visibility:8": "NORMAL"
        }
      },
      "tasks:9": {},
      "rewards:9": {},
      "preRequisites:11": [
        14,
        21
      ],
      "questID:3": 25
    },
    "25:10": {
      "properties:10": {
        "betterquesting:10": {
          "name:8": "Providing Heat",
          "desc:8": "Instead of painstakingly using torches or lava, you can use a Fuelwood Heater to provide heat to your Plastic Mixer or/and to your Thermopneumatic Processing Plant.",
          "icon:10": {
            "id:8": "mekanism:machineblock3",
            "Count:3": 1,
            "Damage:2": 6,
            "OreDict:8": ""
          },
          "snd_complete:8": "minecraft:entity.player.levelup",
          "snd_update:8": "minecraft:entity.player.levelup",
          "questlogic:8": "OR",
          "tasklogic:8": "AND",
          "repeattime:3": -1,
          "repeat_relative:1": 1,
          "lockedprogress:1": 0,
          "autoclaim:1": 0,
          "issilent:1": 0,
          "ismain:1": 0,
          "globalshare:1": 0,
          "simultaneous:1": 0,
          "visibility:8": "NORMAL"
        }
      },
      "tasks:9": {
        "0:10": {
          "partialMatch:1": 1,
          "ignoreNBT:1": 0,
          "consume:1": 0,
          "groupDetect:1": 0,
          "autoConsume:1": 0,
          "requiredItems:9": {
            "0:10": {
              "id:8": "mekanism:machineblock3",
              "Count:3": 1,
              "Damage:2": 6,
              "OreDict:8": ""
            }
          },
          "taskID:8": "bq_standard:retrieval",
          "index:3": 0
        }
      },
      "rewards:9": {
        "0:10": {
          "rewards:9": {
            "0:10": {
              "id:8": "thermalfoundation:coin",
              "Count:3": 3,
              "Damage:2": 0,
              "OreDict:8": ""
            }
          },
          "rewardID:8": "bq_standard:item",
          "index:3": 0
        }
      },
      "preRequisites:11": [
        3,
        14
      ],
      "questID:3": 26
    },
    "26:10": {
      "properties:10": {
        "betterquesting:10": {
          "name:8": "Enriching Iron",
          "desc:8": "By casting Iron into Redstone, it turns into an Enriched Alloy, the first alloy used in the next chapter.",
          "icon:10": {
            "id:8": "mekanism:enrichedalloy",
            "Count:3": 1,
            "Damage:2": 0,
            "OreDict:8": ""
          },
          "snd_complete:8": "minecraft:entity.player.levelup",
          "snd_update:8": "minecraft:entity.player.levelup",
          "questlogic:8": "AND",
          "tasklogic:8": "AND",
          "repeattime:3": -1,
          "repeat_relative:1": 1,
          "lockedprogress:1": 0,
          "autoclaim:1": 0,
          "issilent:1": 0,
          "ismain:1": 0,
          "globalshare:1": 0,
          "simultaneous:1": 0,
          "visibility:8": "NORMAL"
        }
      },
      "tasks:9": {
        "0:10": {
          "partialMatch:1": 1,
          "ignoreNBT:1": 0,
          "consume:1": 0,
          "groupDetect:1": 0,
          "autoConsume:1": 0,
          "requiredItems:9": {
            "0:10": {
              "id:8": "mekanism:enrichedalloy",
              "Count:3": 8,
              "Damage:2": 0,
              "OreDict:8": ""
            }
          },
          "taskID:8": "bq_standard:retrieval",
          "index:3": 0
        }
      },
      "rewards:9": {
        "0:10": {
          "rewards:9": {
            "0:10": {
              "id:8": "thermalfoundation:coin",
              "Count:3": 9,
              "Damage:2": 0,
              "OreDict:8": ""
            }
          },
          "rewardID:8": "bq_standard:item",
          "index:3": 0
        }
      },
      "preRequisites:11": [
        9
      ],
      "questID:3": 27
    },
    "27:10": {
      "properties:10": {
        "betterquesting:10": {
          "name:8": "Getting a PCB",
          "desc:8": "You can get a PCB by inscribing it in an Inscriber. ",
          "icon:10": {
            "id:8": "pneumaticcraft:unassembled_pcb",
            "Count:3": 1,
            "Damage:2": 0,
            "OreDict:8": ""
          },
          "snd_complete:8": "minecraft:entity.player.levelup",
          "snd_update:8": "minecraft:entity.player.levelup",
          "questlogic:8": "AND",
          "tasklogic:8": "AND",
          "repeattime:3": -1,
          "repeat_relative:1": 1,
          "lockedprogress:1": 0,
          "autoclaim:1": 0,
          "issilent:1": 0,
          "ismain:1": 0,
          "globalshare:1": 0,
          "simultaneous:1": 0,
          "visibility:8": "NORMAL"
        }
      },
      "tasks:9": {
        "0:10": {
          "partialMatch:1": 1,
          "ignoreNBT:1": 0,
          "consume:1": 0,
          "groupDetect:1": 0,
          "autoConsume:1": 0,
          "requiredItems:9": {
            "0:10": {
              "id:8": "pneumaticcraft:printed_circuit_board",
              "Count:3": 1,
              "Damage:2": 0,
              "OreDict:8": ""
            }
          },
          "taskID:8": "bq_standard:retrieval",
          "index:3": 0
        }
      },
      "rewards:9": {
        "0:10": {
          "rewards:9": {
            "0:10": {
              "id:8": "thermalfoundation:coin",
              "Count:3": 6,
              "Damage:2": 0,
              "OreDict:8": ""
            }
          },
          "rewardID:8": "bq_standard:item",
          "index:3": 0
        }
      },
      "preRequisites:11": [
        25
      ],
      "questID:3": 28
    },
    "28:10": {
      "properties:10": {
        "betterquesting:10": {
          "name:8": "Inscribing",
          "desc:8": "By unlocking the Inscriber, you inscribed yourself into the inscribers of inscribers, making you an enscribers.",
          "icon:10": {
            "id:8": "appliedenergistics2:inscriber",
            "Count:3": 1,
            "Damage:2": 0,
            "OreDict:8": ""
          },
          "snd_complete:8": "minecraft:entity.player.levelup",
          "snd_update:8": "minecraft:entity.player.levelup",
          "questlogic:8": "AND",
          "tasklogic:8": "AND",
          "repeattime:3": -1,
          "repeat_relative:1": 1,
          "lockedprogress:1": 0,
          "autoclaim:1": 0,
          "issilent:1": 0,
          "ismain:1": 0,
          "globalshare:1": 0,
          "simultaneous:1": 0,
          "visibility:8": "NORMAL"
        }
      },
      "tasks:9": {
        "0:10": {
          "partialMatch:1": 1,
          "ignoreNBT:1": 0,
          "consume:1": 0,
          "groupDetect:1": 0,
          "autoConsume:1": 0,
          "requiredItems:9": {
            "0:10": {
              "id:8": "appliedenergistics2:inscriber",
              "Count:3": 1,
              "Damage:2": 0,
              "OreDict:8": ""
            }
          },
          "taskID:8": "bq_standard:retrieval",
          "index:3": 0
        }
      },
      "rewards:9": {
        "0:10": {
          "rewards:9": {
            "0:10": {
              "id:8": "thermalfoundation:coin",
              "Count:3": 2,
              "Damage:2": 1,
              "OreDict:8": ""
            }
          },
          "rewardID:8": "bq_standard:item",
          "index:3": 0
        }
      },
      "preRequisites:11": [
        11,
        13
      ],
      "questID:3": 29
    },
    "29:10": {
      "properties:10": {
        "betterquesting:10": {
          "name:8": "Inscribing Calculation Circuits",
          "desc:8": "By inscribing Osmium in an Inscriber, you get a Printed Calculation Circuit.",
          "icon:10": {
            "id:8": "appliedenergistics2:material",
            "Count:3": 1,
            "Damage:2": 16,
            "OreDict:8": ""
          },
          "snd_complete:8": "minecraft:entity.player.levelup",
          "snd_update:8": "minecraft:entity.player.levelup",
          "questlogic:8": "AND",
          "tasklogic:8": "AND",
          "repeattime:3": -1,
          "repeat_relative:1": 1,
          "lockedprogress:1": 0,
          "autoclaim:1": 0,
          "issilent:1": 0,
          "ismain:1": 0,
          "globalshare:1": 0,
          "simultaneous:1": 0,
          "visibility:8": "NORMAL"
        }
      },
      "tasks:9": {
        "0:10": {
          "partialMatch:1": 1,
          "ignoreNBT:1": 0,
          "consume:1": 0,
          "groupDetect:1": 0,
          "autoConsume:1": 0,
          "requiredItems:9": {
            "0:10": {
              "id:8": "appliedenergistics2:material",
              "Count:3": 8,
              "Damage:2": 16,
              "OreDict:8": ""
            }
          },
          "taskID:8": "bq_standard:retrieval",
          "index:3": 0
        }
      },
      "rewards:9": {
        "0:10": {
          "rewards:9": {
            "0:10": {
              "id:8": "thermalfoundation:coin",
              "Count:3": 9,
              "Damage:2": 0,
              "OreDict:8": ""
            }
          },
          "rewardID:8": "bq_standard:item",
          "index:3": 0
        }
      },
      "preRequisites:11": [
        29
      ],
      "questID:3": 30
    },
    "30:10": {
      "properties:10": {
        "betterquesting:10": {
          "name:8": "Making Basic Control Circuit",
          "desc:8": "By making a Basic Control Circuit you have opened the gate to early power.",
          "icon:10": {
            "id:8": "mekanism:controlcircuit",
            "Count:3": 1,
            "Damage:2": 0,
            "OreDict:8": ""
          },
          "snd_complete:8": "minecraft:entity.player.levelup",
          "snd_update:8": "minecraft:entity.player.levelup",
          "questlogic:8": "AND",
          "tasklogic:8": "AND",
          "repeattime:3": -1,
          "repeat_relative:1": 1,
          "lockedprogress:1": 0,
          "autoclaim:1": 0,
          "issilent:1": 0,
          "ismain:1": 0,
          "globalshare:1": 0,
          "simultaneous:1": 0,
          "visibility:8": "NORMAL"
        }
      },
      "tasks:9": {
        "0:10": {
          "partialMatch:1": 1,
          "ignoreNBT:1": 0,
          "consume:1": 0,
          "groupDetect:1": 0,
          "autoConsume:1": 0,
          "requiredItems:9": {
            "0:10": {
              "id:8": "mekanism:controlcircuit",
              "Count:3": 8,
              "Damage:2": 0,
              "OreDict:8": ""
            }
          },
          "taskID:8": "bq_standard:retrieval",
          "index:3": 0
        }
      },
      "rewards:9": {
        "0:10": {
          "rewards:9": {
            "0:10": {
              "id:8": "thermalfoundation:coin",
              "Count:3": 9,
              "Damage:2": 1,
              "OreDict:8": ""
            }
          },
          "rewardID:8": "bq_standard:item",
          "index:3": 0
        }
      },
      "preRequisites:11": [
        30,
        28,
        19,
        20,
        23
      ],
      "questID:3": 35
    },
    "31:10": {
      "properties:10": {
        "betterquesting:10": {
          "name:8": "Storage Solution",
          "desc:8": "Crafting a Storage Controller can make your storage easier to manage once you get an ME Network up and running. ",
          "icon:10": {
            "id:8": "storagedrawers:controller",
            "Count:3": 1,
            "Damage:2": 0,
            "OreDict:8": ""
          },
          "snd_complete:8": "minecraft:entity.player.levelup",
          "snd_update:8": "minecraft:entity.player.levelup",
          "questlogic:8": "AND",
          "tasklogic:8": "AND",
          "repeattime:3": -1,
          "repeat_relative:1": 1,
          "lockedprogress:1": 0,
          "autoclaim:1": 0,
          "issilent:1": 0,
          "ismain:1": 0,
          "globalshare:1": 0,
          "simultaneous:1": 0,
          "visibility:8": "NORMAL"
        }
      },
      "tasks:9": {
        "0:10": {
          "partialMatch:1": 1,
          "ignoreNBT:1": 0,
          "consume:1": 0,
          "groupDetect:1": 0,
          "autoConsume:1": 0,
          "requiredItems:9": {
            "0:10": {
              "id:8": "storagedrawers:controller",
              "Count:3": 1,
              "Damage:2": 0,
              "OreDict:8": ""
            }
          },
          "taskID:8": "bq_standard:retrieval",
          "index:3": 0
        }
      },
      "rewards:9": {
        "0:10": {
          "rewards:9": {
            "0:10": {
              "id:8": "appliedenergistics2:part",
              "Count:3": 1,
              "Damage:2": 220,
              "OreDict:8": ""
            }
          },
          "rewardID:8": "bq_standard:item",
          "index:3": 0
        }
      },
      "preRequisites:11": [
        1
      ],
      "questID:3": 43
    },
    "32:10": {
      "properties:10": {
        "betterquesting:10": {
          "name:8": "Smelting Seared Bricks",
          "desc:8": "By smelting the Grout in a furnace, you make Seared Brick. However, this is not recommended as it\u0027s very inefficient and direct melting and then casting is preferred.",
          "icon:10": {
            "id:8": "tconstruct:materials",
            "Count:3": 1,
            "Damage:2": 0,
            "OreDict:8": ""
          },
          "snd_complete:8": "minecraft:entity.player.levelup",
          "snd_update:8": "minecraft:entity.player.levelup",
          "questlogic:8": "AND",
          "tasklogic:8": "AND",
          "repeattime:3": -1,
          "repeat_relative:1": 1,
          "lockedprogress:1": 0,
          "autoclaim:1": 0,
          "issilent:1": 0,
          "ismain:1": 0,
          "globalshare:1": 0,
          "simultaneous:1": 0,
          "visibility:8": "NORMAL"
        }
      },
      "tasks:9": {
        "0:10": {
          "partialMatch:1": 1,
          "ignoreNBT:1": 0,
          "consume:1": 0,
          "groupDetect:1": 0,
          "autoConsume:1": 0,
          "requiredItems:9": {
            "0:10": {
              "id:8": "tconstruct:materials",
              "Count:3": 8,
              "Damage:2": 0,
              "OreDict:8": ""
            }
          },
          "taskID:8": "bq_standard:retrieval",
          "index:3": 0
        }
      },
      "rewards:9": {
        "0:10": {
          "rewards:9": {
            "0:10": {
              "id:8": "thermalfoundation:coin",
              "Count:3": 1,
              "Damage:2": 1,
              "OreDict:8": ""
            }
          },
          "rewardID:8": "bq_standard:item",
          "index:3": 0
        }
      },
      "preRequisites:11": [
        5
      ],
      "questID:3": 44
    },
    "33:10": {
      "properties:10": {
        "betterquesting:10": {
          "name:8": "Making Basic Universal Cable",
          "desc:8": "This is the first method of power transfer you will use for your playthrough. At a speed of 1.28kRF/s, this is enough for your starter machines.",
          "icon:10": {
            "id:8": "mekanism:transmitter",
            "Count:3": 1,
            "Damage:2": 0,
            "tag:10": {
              "tier:3": 0
            },
            "OreDict:8": ""
          },
          "snd_complete:8": "minecraft:entity.player.levelup",
          "snd_update:8": "minecraft:entity.player.levelup",
          "questlogic:8": "AND",
          "tasklogic:8": "AND",
          "repeattime:3": -1,
          "repeat_relative:1": 1,
          "lockedprogress:1": 0,
          "autoclaim:1": 0,
          "issilent:1": 0,
          "ismain:1": 0,
          "globalshare:1": 0,
          "simultaneous:1": 0,
          "visibility:8": "NORMAL"
        }
      },
      "tasks:9": {
        "0:10": {
          "partialMatch:1": 1,
          "ignoreNBT:1": 0,
          "consume:1": 0,
          "groupDetect:1": 0,
          "autoConsume:1": 0,
          "requiredItems:9": {
            "0:10": {
              "id:8": "mekanism:transmitter",
              "Count:3": 8,
              "Damage:2": 0,
              "tag:10": {
                "tier:3": 0
              },
              "OreDict:8": ""
            }
          },
          "taskID:8": "bq_standard:retrieval",
          "index:3": 0
        }
      },
      "rewards:9": {
        "0:10": {
          "rewards:9": {
            "0:10": {
              "id:8": "thermalexpansion:cell",
              "Count:3": 1,
              "Damage:2": 0,
              "tag:10": {
                "Facing:1": 3,
                "SideCache:7": [
                  2,
                  1,
                  1,
                  1,
                  1,
                  1
                ],
                "RSControl:1": 0,
                "Energy:3": 0,
                "Level:1": 0,
                "Send:3": 1000,
                "Recv:3": 1000
              },
              "OreDict:8": ""
            }
          },
          "rewardID:8": "bq_standard:item",
          "index:3": 0
        }
      },
      "preRequisites:11": [
        11
      ],
      "questID:3": 47
    }
  },
  "questLines:9": {
    "0:10": {
      "properties:10": {
        "betterquesting:10": {
          "name:8": "Starting out",
          "desc:8": "",
          "icon:10": {
            "id:8": "minecraft:dirt",
            "Count:3": 1,
            "Damage:2": 0,
            "OreDict:8": ""
          },
          "visibility:8": "NORMAL",
          "bg_image:8": "",
          "bg_size:3": 256
        }
      },
      "quests:9": {
        "0:10": {
          "sizeX:3": 24,
          "sizeY:3": 24,
          "x:3": -120,
          "y:3": -136,
          "id:3": 0
        },
        "1:10": {
          "sizeX:3": 40,
          "sizeY:3": 36,
          "x:3": -128,
          "y:3": -184,
          "id:3": 1
        },
        "2:10": {
          "sizeX:3": 24,
          "sizeY:3": 24,
          "x:3": -120,
          "y:3": -96,
          "id:3": 2
        },
        "3:10": {
          "sizeX:3": 24,
          "sizeY:3": 24,
          "x:3": -48,
          "y:3": -48,
          "id:3": 3
        },
        "4:10": {
          "sizeX:3": 24,
          "sizeY:3": 24,
          "x:3": -48,
          "y:3": 16,
          "id:3": 4
        },
        "5:10": {
          "sizeX:3": 24,
          "sizeY:3": 24,
          "x:3": -96,
          "y:3": -48,
          "id:3": 5
        },
        "6:10": {
          "sizeX:3": 24,
          "sizeY:3": 24,
          "x:3": -96,
          "y:3": 16,
          "id:3": 6
        },
        "7:10": {
          "sizeX:3": 24,
          "sizeY:3": 24,
          "x:3": -144,
          "y:3": 16,
          "id:3": 7
        },
        "8:10": {
          "sizeX:3": 24,
          "sizeY:3": 24,
          "x:3": -144,
          "y:3": -48,
          "id:3": 8
        },
        "9:10": {
          "sizeX:3": 48,
          "sizeY:3": 48,
          "x:3": -108,
          "y:3": 48,
          "id:3": 9
        },
        "10:10": {
          "sizeX:3": 24,
          "sizeY:3": 24,
          "x:3": -96,
          "y:3": 144,
          "id:3": 10
        },
        "11:10": {
          "sizeX:3": 24,
          "sizeY:3": 24,
          "x:3": -156,
          "y:3": 144,
          "id:3": 11
        },
        "12:10": {
          "sizeX:3": 24,
          "sizeY:3": 24,
          "x:3": -96,
          "y:3": 104,
          "id:3": 12
        },
        "13:10": {
          "sizeX:3": 24,
          "sizeY:3": 24,
          "x:3": -96,
          "y:3": 180,
          "id:3": 13
        },
        "14:10": {
          "sizeX:3": 24,
          "sizeY:3": 24,
          "x:3": 0,
          "y:3": 16,
          "id:3": 14
        },
        "15:10": {
          "sizeX:3": 24,
          "sizeY:3": 24,
          "x:3": 48,
          "y:3": 16,
          "id:3": 15
        },
        "16:10": {
          "sizeX:3": 32,
          "sizeY:3": 32,
          "x:3": 144,
          "y:3": 12,
          "id:3": 16
        },
        "17:10": {
          "sizeX:3": 36,
          "sizeY:3": 36,
          "x:3": 96,
          "y:3": 12,
          "id:3": 17
        },
        "18:10": {
          "sizeX:3": 24,
          "sizeY:3": 24,
          "x:3": 48,
          "y:3": -48,
          "id:3": 18
        },
        "19:10": {
          "sizeX:3": 24,
          "sizeY:3": 24,
          "x:3": -114,
          "y:3": 282,
          "id:3": 19
        },
        "20:10": {
          "sizeX:3": 24,
          "sizeY:3": 24,
          "x:3": -78,
          "y:3": 282,
          "id:3": 20
        },
        "21:10": {
          "sizeX:3": 24,
          "sizeY:3": 24,
          "x:3": 150,
          "y:3": 66,
          "id:3": 21
        },
        "22:10": {
          "sizeX:3": 36,
          "sizeY:3": 36,
          "x:3": 144,
          "y:3": 108,
          "id:3": 22
        },
        "23:10": {
          "sizeX:3": 24,
          "sizeY:3": 24,
          "x:3": -42,
          "y:3": 282,
          "id:3": 23
        },
        "24:10": {
          "sizeX:3": 24,
          "sizeY:3": 24,
          "x:3": 0,
          "y:3": 66,
          "id:3": 25
        },
        "25:10": {
          "sizeX:3": 24,
          "sizeY:3": 24,
          "x:3": 0,
          "y:3": -48,
          "id:3": 26
        },
        "26:10": {
          "sizeX:3": 24,
          "sizeY:3": 24,
          "x:3": -48,
          "y:3": 104,
          "id:3": 27
        },
        "27:10": {
          "sizeX:3": 24,
          "sizeY:3": 24,
          "x:3": 0,
          "y:3": 282,
          "id:3": 28
        },
        "28:10": {
          "sizeX:3": 36,
          "sizeY:3": 38,
          "x:3": -102,
          "y:3": 222,
          "id:3": 29
        },
        "29:10": {
          "sizeX:3": 24,
          "sizeY:3": 24,
          "x:3": -150,
          "y:3": 282,
          "id:3": 30
        },
        "30:10": {
          "sizeX:3": 40,
          "sizeY:3": 40,
          "x:3": -90,
          "y:3": 366,
          "id:3": 35
        },
        "31:10": {
          "sizeX:3": 24,
          "sizeY:3": 24,
          "x:3": -84,
          "y:3": -132,
          "id:3": 43
        },
        "32:10": {
          "sizeX:3": 24,
          "sizeY:3": 24,
          "x:3": -96,
          "y:3": -16,
          "id:3": 44
        },
        "33:10": {
          "sizeX:3": 24,
          "sizeY:3": 24,
          "x:3": -192,
          "y:3": 108,
          "id:3": 47
        }
      },
      "lineID:3": 0,
      "order:3": 0
    }
  },
  "format:8": "2.0.0",
  "build:8": "3.5.329"
}