{"stat.chestOpened":2,"stat.walkOneCm":20030,"stat.useItem.minecraft.chest":2,"stat.useItem.minecraft.lever":3,"stat.useItem.pneumaticcraft.vortex_tube":3,"stat.useItem.minecraft.stone":2,"stat.useItem.pneumaticcraft.programmer":1,"stat.leaveGame":4,"stat.furnaceInteraction":1,"stat.useItem.appliedenergistics2.inscriber":1,"stat.useItem.pneumaticcraft.creative_compressor":1,"stat.useItem.tconstruct.faucet":2,"stat.jump":97,"stat.useItem.cyclicmagic.fluid_pump":1,"stat.useItem.thermaldynamics.duct_16":1,"stat.useItem.modularmachinery.itemblueprint":1,"stat.useItem.modularmachinery.blockoutputbus":1,"stat.craftItem.mekanism.transmitter":4,"stat.crouchOneCm":1941,"stat.useItem.thermaldynamics.duct_0":1,"stat.useItem.minecraft.stone_slab2":31,"stat.useItem.modularmachinery.blockinputbus":1,"stat.craftingTableInteraction":3,"stat.drop.tconstruct.casting":1,"stat.useItem.extendedcrafting.crafting_table":2,"stat.useItem.modularmachinery.blockcasing":26,"stat.useItem.tconstruct.casting":3,"stat.useItem.pneumaticcraft.plastic_mixer":3,"stat.craftItem.libvulpes.productplate":6,"stat.useItem.minecraft.furnace":1,"stat.useItem.minecraft.hopper":1,"stat.useItem.tconstruct.seared_tank":2,"stat.flyOneCm":7590,"stat.useItem.modularmachinery.blockenergyinputhatch":1,"stat.pickup.minecraft.lever":1,"stat.drop":1,"stat.playOneMinute":350856,"stat.useItem.thermaldynamics.servo":1,"stat.sneakTime":1841,"stat.useItem.mekanism.transmitter":1,"stat.timeSinceDeath":350856,"stat.useItem.minecraft.crafting_table":1,"stat.useItem.tconstruct.soil":1}