{
  "questProgress:9": {
    "0:10": {
      "completed:9": {},
      "tasks:9": {
        "0:10": {
          "completeUsers:9": {},
          "userProgress:9": {},
          "taskID:8": "bq_standard:retrieval",
          "index:3": 0
        }
      },
      "questID:3": 0
    },
    "1:10": {
      "completed:9": {},
      "tasks:9": {
        "0:10": {
          "completeUsers:9": {},
          "taskID:8": "bq_standard:checkbox",
          "index:3": 0
        }
      },
      "questID:3": 1
    },
    "2:10": {
      "completed:9": {},
      "tasks:9": {
        "0:10": {
          "completeUsers:9": {},
          "userProgress:9": {},
          "taskID:8": "bq_standard:retrieval",
          "index:3": 0
        }
      },
      "questID:3": 2
    },
    "3:10": {
      "completed:9": {},
      "tasks:9": {
        "0:10": {
          "completeUsers:9": {},
          "userProgress:9": {},
          "taskID:8": "bq_standard:retrieval",
          "index:3": 0
        }
      },
      "questID:3": 3
    },
    "4:10": {
      "completed:9": {},
      "tasks:9": {
        "0:10": {
          "completeUsers:9": {},
          "userProgress:9": {},
          "taskID:8": "bq_standard:retrieval",
          "index:3": 0
        }
      },
      "questID:3": 4
    },
    "5:10": {
      "completed:9": {},
      "tasks:9": {
        "0:10": {
          "completeUsers:9": {},
          "userProgress:9": {},
          "taskID:8": "bq_standard:retrieval",
          "index:3": 0
        }
      },
      "questID:3": 5
    },
    "6:10": {
      "completed:9": {},
      "tasks:9": {
        "0:10": {
          "completeUsers:9": {},
          "userProgress:9": {},
          "taskID:8": "bq_standard:retrieval",
          "index:3": 0
        }
      },
      "questID:3": 6
    },
    "7:10": {
      "completed:9": {},
      "tasks:9": {},
      "questID:3": 7
    },
    "8:10": {
      "completed:9": {},
      "tasks:9": {},
      "questID:3": 8
    },
    "9:10": {
      "completed:9": {},
      "tasks:9": {
        "0:10": {
          "completeUsers:9": {},
          "userProgress:9": {},
          "taskID:8": "bq_standard:retrieval",
          "index:3": 0
        }
      },
      "questID:3": 9
    },
    "10:10": {
      "completed:9": {},
      "tasks:9": {
        "0:10": {
          "completeUsers:9": {},
          "userProgress:9": {},
          "taskID:8": "bq_standard:retrieval",
          "index:3": 0
        }
      },
      "questID:3": 10
    },
    "11:10": {
      "completed:9": {},
      "tasks:9": {},
      "questID:3": 11
    },
    "12:10": {
      "completed:9": {},
      "tasks:9": {},
      "questID:3": 12
    },
    "13:10": {
      "completed:9": {},
      "tasks:9": {
        "0:10": {
          "completeUsers:9": {},
          "userProgress:9": {},
          "taskID:8": "bq_standard:retrieval",
          "index:3": 0
        }
      },
      "questID:3": 13
    },
    "14:10": {
      "completed:9": {},
      "tasks:9": {
        "0:10": {
          "completeUsers:9": {},
          "userProgress:9": {},
          "taskID:8": "bq_standard:retrieval",
          "index:3": 0
        }
      },
      "questID:3": 14
    },
    "15:10": {
      "completed:9": {},
      "tasks:9": {
        "0:10": {
          "completeUsers:9": {},
          "userProgress:9": {},
          "taskID:8": "bq_standard:retrieval",
          "index:3": 1
        }
      },
      "questID:3": 15
    },
    "16:10": {
      "completed:9": {},
      "tasks:9": {
        "0:10": {
          "completeUsers:9": {},
          "userProgress:9": {},
          "taskID:8": "bq_standard:retrieval",
          "index:3": 0
        }
      },
      "questID:3": 16
    },
    "17:10": {
      "completed:9": {},
      "tasks:9": {
        "0:10": {
          "completeUsers:9": {},
          "userProgress:9": {},
          "taskID:8": "bq_standard:retrieval",
          "index:3": 0
        }
      },
      "questID:3": 17
    },
    "18:10": {
      "completed:9": {},
      "tasks:9": {
        "0:10": {
          "completeUsers:9": {},
          "userProgress:9": {},
          "taskID:8": "bq_standard:retrieval",
          "index:3": 0
        }
      },
      "questID:3": 18
    },
    "19:10": {
      "completed:9": {},
      "tasks:9": {},
      "questID:3": 19
    },
    "20:10": {
      "completed:9": {},
      "tasks:9": {},
      "questID:3": 20
    },
    "21:10": {
      "completed:9": {},
      "tasks:9": {
        "0:10": {
          "completeUsers:9": {},
          "userProgress:9": {},
          "taskID:8": "bq_standard:retrieval",
          "index:3": 0
        }
      },
      "questID:3": 21
    },
    "22:10": {
      "completed:9": {},
      "tasks:9": {},
      "questID:3": 22
    },
    "23:10": {
      "completed:9": {},
      "tasks:9": {},
      "questID:3": 23
    },
    "24:10": {
      "completed:9": {},
      "tasks:9": {},
      "questID:3": 24
    },
    "25:10": {
      "completed:9": {},
      "tasks:9": {},
      "questID:3": 25
    },
    "26:10": {
      "completed:9": {},
      "tasks:9": {
        "0:10": {
          "completeUsers:9": {},
          "userProgress:9": {},
          "taskID:8": "bq_standard:retrieval",
          "index:3": 0
        }
      },
      "questID:3": 26
    },
    "27:10": {
      "completed:9": {},
      "tasks:9": {},
      "questID:3": 27
    },
    "28:10": {
      "completed:9": {},
      "tasks:9": {},
      "questID:3": 28
    },
    "29:10": {
      "completed:9": {},
      "tasks:9": {},
      "questID:3": 29
    },
    "30:10": {
      "completed:9": {},
      "tasks:9": {},
      "questID:3": 30
    },
    "31:10": {
      "completed:9": {},
      "tasks:9": {},
      "questID:3": 31
    },
    "32:10": {
      "completed:9": {},
      "tasks:9": {},
      "questID:3": 32
    },
    "33:10": {
      "completed:9": {},
      "tasks:9": {},
      "questID:3": 33
    },
    "34:10": {
      "completed:9": {
        "0:10": {
          "claimed:1": 0,
          "timestamp:4": 1698065463377,
          "uuid:8": "33e25e6c-2531-4b53-a386-b3def547c066"
        }
      },
      "tasks:9": {},
      "questID:3": 34
    },
    "35:10": {
      "completed:9": {},
      "tasks:9": {},
      "questID:3": 35
    },
    "36:10": {
      "completed:9": {
        "0:10": {
          "claimed:1": 0,
          "timestamp:4": 1698065463391,
          "uuid:8": "33e25e6c-2531-4b53-a386-b3def547c066"
        }
      },
      "tasks:9": {},
      "questID:3": 36
    },
    "37:10": {
      "completed:9": {
        "0:10": {
          "claimed:1": 0,
          "timestamp:4": 1698065463391,
          "uuid:8": "33e25e6c-2531-4b53-a386-b3def547c066"
        }
      },
      "tasks:9": {},
      "questID:3": 37
    },
    "38:10": {
      "completed:9": {
        "0:10": {
          "claimed:1": 0,
          "timestamp:4": 1698065463391,
          "uuid:8": "33e25e6c-2531-4b53-a386-b3def547c066"
        }
      },
      "tasks:9": {},
      "questID:3": 38
    },
    "39:10": {
      "completed:9": {
        "0:10": {
          "claimed:1": 0,
          "timestamp:4": 1698065463391,
          "uuid:8": "33e25e6c-2531-4b53-a386-b3def547c066"
        }
      },
      "tasks:9": {},
      "questID:3": 39
    },
    "40:10": {
      "completed:9": {
        "0:10": {
          "claimed:1": 0,
          "timestamp:4": 1698065463391,
          "uuid:8": "33e25e6c-2531-4b53-a386-b3def547c066"
        }
      },
      "tasks:9": {},
      "questID:3": 40
    },
    "41:10": {
      "completed:9": {
        "0:10": {
          "claimed:1": 0,
          "timestamp:4": 1698065463391,
          "uuid:8": "33e25e6c-2531-4b53-a386-b3def547c066"
        }
      },
      "tasks:9": {},
      "questID:3": 41
    },
    "42:10": {
      "completed:9": {
        "0:10": {
          "claimed:1": 0,
          "timestamp:4": 1698065463392,
          "uuid:8": "33e25e6c-2531-4b53-a386-b3def547c066"
        }
      },
      "tasks:9": {},
      "questID:3": 42
    },
    "43:10": {
      "completed:9": {},
      "tasks:9": {
        "0:10": {
          "completeUsers:9": {},
          "userProgress:9": {},
          "taskID:8": "bq_standard:retrieval",
          "index:3": 0
        }
      },
      "questID:3": 43
    },
    "44:10": {
      "completed:9": {},
      "tasks:9": {
        "0:10": {
          "completeUsers:9": {},
          "userProgress:9": {},
          "taskID:8": "bq_standard:retrieval",
          "index:3": 0
        }
      },
      "questID:3": 44
    }
  }
}